약국명,대표전화,주소,월요일 운영,화요일 운영,수요일 운영,목요일 운영,금요일 운영,토요일 운영,일요일 운영,공휴일 운영,데이터기준일자
지수약국,031-405-1354,"경기도 안산시 단원구 선부로 185, 대흥빌딩 105호 (선부동)",09:00~20:00,09:00~20:00,09:00~20:00,09:00~20:00,09:00~20:00,09:00~18:00,-,-,2020-09-25
신유약국,031-481-8239,"경기도 안산시 단원구 보배4길 1, 107호 (고잔동)",09:00~20:00,09:00~20:00,09:00~20:00,09:00~20:00,09:00~20:00,09:00~18:00,-,-,2020-09-25
선부라성약국,031-413-6397,"경기도 안산시 단원구 선부광장1로 62, 102호 (선부동)",09:00~22:00,09:00~22:00,09:00~22:00,09:00~22:00,09:00~22:00,08:30~20:00,09:00~19:00,09:00~19:00,2020-09-25
건강드림약국,070-7570-0478,"경기도 안산시 단원구 고잔2길 9, 101,102호 (고잔동)",09:00~19:00,09:00~19:00,09:00~19:00,09:00~19:00,09:00~19:00,09:00~15:00,-,-,2020-09-25
초지라성약국,031-439-6724,"경기도 안산시 단원구 초지로 100, 세종프라자 109~111호 (초지동)",09:00~22:00,09:00~22:00,09:00~22:00,09:00~22:00,09:00~22:00,09:00~22:00,09:00~22:00,09:00~22:00,2020-09-25
라임약국,031-41-4006,"경기도 안산시 단원구 중앙대로 907, 안산종합상가 1동 4층 1405,1406호 일부호 (고잔동)",10:00~18:00,10:00~18:00,10:00~18:00,10:00~18:00,10:00~18:00,-,-,-,2020-09-25
홍약국,031-403-4379,"경기도 안산시 단원구 광덕3로 167, 신영프라자 1층 102호 (고잔동)",09:00~20:30,09:00~20:30,09:00~20:30,09:00~20:30,09:00~20:30,-,-,-,2020-09-25
진약국,070-8834-8275,"경기도 안산시 단원구 광덕4로 112, 슈마프라자 1층 104,105호 (고잔동)",09:00~20:00,09:00~20:00,09:00~20:00,09:00~20:00,09:00~20:00,09:00~17:00,-,09:00~14:00,2020-09-25
행복한약국,070-8833-0152,"경기도 안산시 단원구 광덕1로 159, 108호 (고잔동)",09:00~20:00,09:00~20:00,09:00~20:00,09:00~20:00,09:00~20:00,09:00~16:00,-,-,2020-09-25
월그린약국,031-405-8197,"경기도 안산시 단원구 광덕3로 178, 108109,131호 (고잔동)",09:00~21:30,09:00~21:30,09:00~21:30,09:00~21:30,09:00~21:30,09:00~21:00,-,09:00~21:00,2020-09-25
원곡뉴세계로약국,031-493-7580,"경기도 안산시 단원구 중앙대로 461, 1층 (원곡동)",09:00~22:00,09:00~22:00,09:00~22:00,09:00~22:00,09:00~22:00,09:00~20:00,-,-,2020-09-25
큰사랑약국,031-410-3767,"경기도 안산시 단원구 광덕1로 62, 아트프라자 1층 115호 (초지동)",09:00~19:00,09:00~19:00,09:00~19:00,09:00~19:00,09:00~19:00,09:00~13:00,-,-,2020-09-25
정문약국,031-480-3811,경기도 안산시 단원구 적금로 114 (고잔동),08:30~19:00,08:30~19:00,08:30~19:00,08:30~19:00,08:30~19:00,08:30~13:30,-,-,2020-09-25
옵티마인성약국,031-484-3162,경기도 안산시 단원구 화정로 95 (와동),09:00~21:00,09:00~21:00,09:00~21:00,09:00~21:00,09:00~21:00,09:00~15:00,12:00~18:00,-,2020-09-25
세화온누리약국,031-414-1354,"경기도 안산시 단원구 선부로 183, 101호 (선부동, 화성프라자)",09:00~18:00,09:00~18:00,09:00~18:00,09:00~18:00,09:00~18:00,-,-,-,2020-09-25
참좋은약국,031-482-1652,"경기도 안산시 단원구 예술대학로 83, 105호 (고잔동)",09:00~21:00,09:00~21:00,09:00~21:00,09:00~21:00,09:00~21:00,09:00~19:00,-,09:00~19:00,2020-09-25
코아약국,070-8239-0445,"경기도 안산시 단원구 중앙대로 915, 5층 12호 (고잔동, 월드코아)",09:00~18:00,09:00~18:00,-,09:00~19:30,09:00~18:00,07:30~13:30,-,-,2020-09-25
희망약국,031-000-0000,"경기도 안산시 단원구 광덕2로 185, 101호 (고잔동, 금성센터빌딩)",10:00~23:00,10:00~23:00,10:00~23:00,10:00~23:00,10:00~23:00,10:00~23:00,10:00~23:00,10:00~23:00,2020-09-25
안산참사랑약국,031-487-1947,"경기도 안산시 단원구 고잔로 76, 307호 (고잔동, 영풍맘모스프라자)",09:00~19:00,09:00~19:00,09:00~19:00,09:00~19:00,09:00~19:00,09:00~14:00,09:00~13:00,09:00~13:00,2020-09-25
고잔아는약국,031-413-6005,"경기도 안산시 단원구 광덕대로 138, 골든에이스프라자 1층 112일부,113호 (고잔동)",09:00~21:00,09:00~21:00,09:00~21:00,09:00~21:00,09:00~21:00,-,-,-,2020-09-25
명수당약국,031-411-7556,"경기도 안산시 단원구 원초로 23, 안산8차푸르지오상가 상가동 1층 B06호 (원곡동)",09:00~22:00,09:00~22:00,09:00~22:00,09:00~22:00,09:00~22:00,09:00~17:00,-,-,2020-09-25
건강이열리는약국,031-485-9345,"경기도 안산시 단원구 선부로 187, 유송프라자 1층 (선부동)",09:00~21:30,09:00~21:30,09:00~21:30,09:00~21:30,09:00~21:30,09:00~21:30,09:00~21:30,09:00~22:30,2020-09-25
한도정문약국,031-401-0020,"경기도 안산시 단원구 선부광장로 95, 110, 111호 (선부동)",08:30~19:30,08:30~19:30,08:30~19:30,08:30~19:30,08:30~19:30,08:30~15:00,-,-,2020-09-25
참건강약국,031-493-1550,"경기도 안산시 단원구 새뿔길 47, 103호 (신길동, 일산상가)",08:00~21:00,08:00~21:00,08:00~21:00,08:00~21:00,08:00~21:00,09:00~15:30,09:00~15:30,-,2020-09-25
이레약국,031-485-0406,"경기도 안산시 단원구 민속공원로 81, 104호 (고잔동)",09:00~20:00,09:00~20:00,09:00~20:00,09:00~20:00,09:00~20:00,09:00~20:00,-,-,2020-09-25
뉴본약국,031-486-8283,"경기도 안산시 단원구 선부로 199, 동진프라자 105-106호 (선부동)",08:30~22:30,08:30~22:30,08:30~22:30,08:30~22:30,08:30~22:30,09:00~22:30,09:00~22:30,09:00~22:30,2020-09-25
백제온누리약국,031-410-2020,경기도 안산시 단원구 라성로 36 (원곡동),09:00~22:00,09:00~22:00,09:00~22:00,09:00~22:00,09:00~22:00,09:00~21:00,-,14:00~21:00,2020-09-25
새롬온누리약국,031-405-7573,"경기도 안산시 단원구 화랑로 358, 자유센터빌딩 1층 119호 (고잔동)",08:30~20:00,08:30~20:00,08:30~20:00,08:30~20:00,08:30~20:00,08:30~20:00,-,-,2020-09-25
박세영약국,031-482-8254,"경기도 안산시 단원구 선부광장1로 14, 106호 (선부동, 광원빌딩)",09:00~20:30,09:00~20:30,09:00~20:30,09:00~20:30,09:00~20:30,09:00~18:00,-,-,2020-09-25
모아수약국,031-411-1890,"경기도 안산시 단원구 고잔1길 17, 대유빌딩 301호 (고잔동)",09:00~19:00,09:00~19:00,09:00~19:00,09:00~19:00,09:00~19:00,09:00~14:00,-,-,2020-09-25
바른약국,031-410-2112,"경기도 안산시 단원구 화랑로 150, 단지내 상가(에코단지) 1층 118호 (원곡동)",10:00~22:00,10:00~22:00,10:00~22:00,10:00~22:00,10:00~22:00,10:00~22:00,10:00~22:00,10:00~22:00,2020-09-25
태연약국,031-402-3111,"경기도 안산시 단원구 화랑로 160, 단지내 상가 2층 208호 (초지동)",09:00~21:00,09:00~21:00,09:00~21:00,09:00~21:00,09:00~21:00,09:00~20:00,12:00~19:00,12:00~19:00,2020-09-25
시티약국,031-410-2771,"경기도 안산시 단원구 선부광장로 23, 안산세이브시티 1층 일부호 (선부동)",09:00~21:00,09:30~18:30,09:00~21:00,09:30~18:30,09:00~21:00,09:00~14:30,09:00~13:30,09:00~13:30,2020-09-25
건강플러스약국,031-402-2081,"경기도 안산시 단원구 광덕대로 175, 삼성홈플러스 2층 (고잔동)",09:00~18:00,09:00~18:00,09:00~18:00,09:00~18:00,09:00~18:00,09:00~18:00,-,-,2020-09-25
메디프라자약국,031-403-4420,"경기도 안산시 단원구 광덕1로 63, 112호 (초지동, 메디프라자)",09:00~22:00,09:00~22:00,09:00~22:00,09:00~22:00,09:00~22:00,09:00~21:10,-,-,2020-09-25
예원약국,031-485-0794,"경기도 안산시 단원구 선부로 223, 형제카공업사 1층 (와동)",09:00~19:30,09:00~19:30,09:00~19:30,09:00~19:30,09:00~19:30,09:00~13:00,-,-,2020-09-25
포도나무약국,032-884-3428,경기도 안산시 단원구 대남로 6 (대부북동),08:00~18:00,08:00~18:00,08:00~18:00,08:00~18:00,08:00~18:00,-,-,-,2020-09-25
정직한약국,031-439-7756,"경기도 안산시 단원구 고잔로 54, 110호 (고잔동, 에이스타워)",08:30~19:00,08:30~19:00,08:30~19:00,08:30~19:00,08:30~19:00,08:30~16:30,-,-,2020-09-25
후문온누리약국,031-405-0551,"경기도 안산시 단원구 선부광장1로 182, 103호 (선부동, 송천빌딩)",09:00~18:00,09:00~18:00,09:00~18:00,09:00~18:00,09:00~18:00,09:00~13:00,-,-,2020-09-25
온누리약국,031-402-2180,"경기도 안산시 단원구 선부광장1로 38, 113호 (선부동, 상록타운)",09:00~22:00,09:00~22:00,09:00~22:00,09:00~22:00,09:00~22:00,09:00~22:00,18:00~21:30,18:00~21:30,2020-09-25
광진약국,031-405-3519,"경기도 안산시 단원구 광덕대로 154, 215-1,216호 (고잔동, 로데오타운A동)",09:00~18:30,09:00~18:30,09:00~18:30,09:00~18:30,09:00~18:30,09:00~13:30,-,-,2020-09-25
그랜드약국,031-411-0756,"경기도 안산시 단원구 고잔1길 33, 1층 (고잔동, 봉산빌딩)",09:00~23:30,09:00~23:30,09:00~23:30,09:00~23:30,09:00~23:30,09:00~23:30,10:00~23:30,-,2020-09-25
일등365약국,031-483-1442,"경기도 안산시 단원구 선이로 20, 1층 102호( 내부적)호 (선부동)",10:00~22:30,10:00~22:30,10:00~22:30,10:00~22:30,10:00~22:30,10:00~22:30,10:00~22:30,10:00~22:30,2020-09-25
하이약국,031-485-1357,"경기도 안산시 단원구 선부광장1로 62, 305호 (선부동, 동원상가빌딩)",09:00~19:00,09:00~19:00,09:00~19:00,09:00~19:00,09:00~19:00,-,-,-,2020-09-25
한가족약국,031-411-0944,"경기도 안산시 단원구 광덕동로 55, 112~114호 (고잔동)",09:00~22:00,09:00~22:00,09:00~22:00,09:00~22:00,09:00~22:00,09:00~20:00,09:00~20:00,09:00~21:00,2020-09-25
가까운온누리약국,031-411-7823,"경기도 안산시 단원구 광덕대로 181, BYC빌딩 1층 (고잔동)",09:00~19:00,09:00~19:00,09:00~19:00,09:00~19:00,09:00~19:00,09:00~15:00,-,-,2020-09-25
고잔서울약국,031-414-1414,"경기도 안산시 단원구 광덕대로 174, 125층 (고잔동, 월드타운 비동)",09:00~19:00,09:00~19:00,09:00~19:00,09:00~19:00,09:00~19:00,09:00~16:00,-,-,2020-09-25
다정한온누리약국,031-402-4232,"경기도 안산시 단원구 원포공원1로 49, 203호 (초지동)",09:00~21:00,09:00~21:00,09:00~21:00,09:00~21:00,09:00~21:00,09:00~16:00,09:00~16:00,09:00~16:00,2020-09-25
뉴세계로약국,031-493-7581,경기도 안산시 단원구 중앙대로 461 1층,09:00~22:00,09:00~22:00,09:00~22:00,09:00~22:00,09:00~22:00,09:00~22:00,09:00~22:00,09:00~22:00,2020-09-25
안산푸른약국,031-439-0046,경기도 안산시 단원구 광덕3로 178 (고잔동),07:00~19:30,07:00~19:30,07:00~19:30,07:00~19:30,07:00~19:30,07:00~15:00,-,-,2020-09-25
신에스팜약국,031-405-6845,"경기도 안산시 단원구 고잔로 76, 402-1호 (고잔동, 영풍맘모스프라자)",09:30~18:30,09:30~20:00,09:30~18:30,09:30~18:30,09:30~20:00,09:00~14:00,-,-,2020-09-25
팜프라자약국,070-8814-5344,"경기도 안산시 단원구 달미로 64 (선부동, 롯데마트 선부점 2층)",10:00~21:00,10:00~21:00,10:00~21:00,10:00~21:00,10:00~21:00,10:00~20:00,10:00~20:00,10:00~20:00,2020-09-25
파랑새약국,031-405-2885,경기도 안산시 단원구 적금로 120 (고잔동),08:00~19:00,08:00~19:00,08:00~19:00,08:00~19:00,08:00~19:00,08:00~13:00,-,-,2020-09-25
참약국,031-503-6655,경기도 안산시 단원구 고잔2길 45 (고잔동),09:30~20:00,09:30~20:00,09:30~20:00,09:30~20:00,09:30~20:00,09:30~17:00,-,-,2020-09-25
대림약국,031-439-5100,경기도 안산시 단원구 광덕대로 142,09:00~18:30,09:00~18:30,09:00~18:30,09:00~18:30,09:00~18:30,09:00~14:00,-,-,2020-09-25
그린약국,031-487-7576,경기도 안산시 단원구 선부광장1로 70,09:00~19:00,09:00~19:00,09:00~19:00,09:00~19:00,09:00~19:00,09:00~15:30,-,-,2020-09-25
굿모닝약국,031-413-0273,"경기도 안산시 단원구 화랑로 358, 209호 (고잔동, 자유센터빌딩)",09:00~19:00,09:00~19:00,09:00~19:00,09:00~19:00,09:00~19:00,09:00~15:00,-,-,2020-09-25
메디팜인성약국,031-484-3162,"경기도 안산시 단원구 화정로 95, (와동)",09:00~21:00,09:00~21:00,09:00~21:00,09:00~21:00,09:00~21:00,09:00~15:00,14:00~19:00,14:00~19:00,2020-09-25
성원약국,031-482-9777,"경기도 안산시 단원구 북촌3길 19-1, 1층 102호 (선부동)",09:00~20:00,09:00~20:00,09:00~20:00,09:00~20:00,09:00~20:00,09:00~14:00,-,-,2020-09-25
참사랑약국,031-475-8718,"경기도 안산시 단원구 와동로 4, 1층 (와동)",09:00~19:00,09:00~19:00,09:00~19:00,09:00~19:00,09:00~19:00,09:00~13:00,-,09:00~13:00,2020-09-25
안산리팜약국,031-405-4624,"경기도 안산시 단원구 선부광장1로 22, 1층 103호 (선부동)",09:00~19:00,09:00~19:00,09:00~19:00,09:00~19:00,09:00~19:00,09:00~15:00,09:00~12:00,09:00~12:00,2020-09-25
보경약국,031-486-2266,"경기도 안산시 단원구 달미로 10, 123호 (선부동, 한양산호상가)",09:00~20:00,09:00~20:00,09:00~20:00,09:00~20:00,09:00~20:00,09:00~16:00,-,-,2020-09-25
최약국,031-480-0410,"경기도 안산시 단원구 선부광장1로 66, 2층 (선부동,용헌빌딩)",09:00~19:00,09:00~19:00,09:00~19:00,09:00~19:00,09:00~19:00,09:00~17:00,-,09:00~16:00,2020-09-25
모아약국,031-484-1276,"경기도 안산시 단원구 원초로 30, 302호(원곡동)",09:00~19:00,09:00~19:00,09:00~19:00,09:00~19:00,09:00~19:00,09:00~15:00,09:00~13:00,-,2020-09-25
영풍수약국,031-484-3865,"경기도 안산시 단원구 고잔로 76, 210호 (고잔동, 영풍빌딩)",10:00~19:00,10:00~19:00,10:00~19:00,10:00~19:00,10:00~19:00,10:00~14:00,-,-,2020-09-25
동인당약국,031-485-2089,"경기도 안산시 단원구 지곡로 35, 1층 (선부동)",09:00~20:30,09:00~20:30,09:00~20:30,09:00~20:30,09:00~20:30,09:00~12:00,-,-,2020-09-25
유한약국,031-494-3050,경기도 안산시 단원구 화랑로 67 (원곡동),09:00~20:00,09:00~20:00,09:00~20:00,09:00~20:00,09:00~20:00,09:00~15:00,09:00~15:00,09:00~15:00,2020-09-25
세계로온누리약국,031-439-3060,"경기도 안산시 단원구 초지로 114, 109,110호 (초지동, 주공프라자)",09:00~20:25,09:00~20:25,09:00~20:25,09:00~20:25,09:00~20:25,09:00~16:00,-,-,2020-09-25
유킹스파머시가까운약국,031-504-8575,"경기도 안산시 단원구 적금로 120, 안산상공회의소 별관동 1층 101호 (고잔동)",09:00~18:00,09:00~18:00,09:00~18:00,09:00~18:00,09:00~18:00,09:00~13:00,-,-,2020-09-25
청암약국,031-480-4876,"경기도 안산시 단원구 원포공원1로 46, 1층 (초지동, 이마트안산고잔점)",10:00~23:00,10:00~23:00,10:00~23:00,10:00~23:00,10:00~23:00,10:00~23:00,10:00~23:00,10:00~23:00,2020-09-25
참온누리약국,031-401-4142,"경기도 안산시 단원구 광덕대로 174, 507,507-1호 (고잔동, 월드타운)",09:00~16:00,08:00~22:00,08:00~22:00,08:00~22:00,08:00~22:00,08:00~16:00,09:00~13:00,-,2020-09-25
드림약국,031-413-0809,"경기도 안산시 단원구 고잔로 88, 107호 (고잔동)",09:00~20:30,09:00~20:30,09:00~20:30,09:00~20:30,09:00~20:30,09:00~18:30,10:00~16:30,10:00~16:30,2020-09-25
새사랑약국,031-402-1013,"경기도 안산시 단원구 광덕대로 168, 신화타운 205호 (고잔동)",09:00~19:00,09:00~19:00,09:00~21:00,09:00~19:00,09:00~19:00,09:00~14:00,-,-,2020-09-25
수한약국,031-486-1069,"경기도 안산시 단원구 광덕3로 217, 1층 (고잔동)",10:00~20:00,10:00~20:00,10:00~20:00,10:00~20:00,10:00~20:00,10:00~18:00,-,-,2020-09-25
라라약국,031-480-1708,"경기도 안산시 단원구 원포공원1로 49, 태영타운 311호 (초지동)",09:00~21:00,09:00~21:00,-,09:00~21:00,09:00~21:00,09:00~16:00,-,-,2020-09-25
건강한약국,031-493-6211,"경기도 안산시 단원구 원곡1로 49, 1층 (원곡동)",09:00~22:00,09:00~22:00,09:00~22:00,09:00~22:00,09:00~22:00,-,-,09:00~16:00,2020-09-25
마음약국,031-482-6600,"경기도 안산시 단원구 광덕동로 75, 사또타워 105-2호 (고잔동)",08:30~20:00,08:30~20:00,08:30~20:00,08:30~20:00,08:30~20:00,-,-,09:00~13:00,2020-09-25
라성약국,031-482-9922,"경기도 안산시 단원구 화랑로 103, 라성프라자 D동 1층 (원곡동)",08:00~21:00,08:00~21:00,08:00~21:00,08:00~21:00,08:00~21:00,08:00~21:00,08:00~21:00,08:30~21:00,2020-09-25
건강한세상약국,031-439-6557,"경기도 안산시 단원구 광덕대로 161, 1층 114,115호 (고잔동)",09:30~22:00,09:30~22:00,09:30~22:00,09:30~22:00,09:30~22:00,09:30~22:00,-,09:30~22:00,2020-09-25
계림약국,031-491-1727,경기도 안산시 단원구 원곡로 38 (원곡동),10:00~22:00,10:00~22:00,10:00~22:00,10:00~22:00,10:00~22:00,10:00~22:00,14:00~22:30,10:00~22:00,2020-09-25
그린팜약국,031-414-7119,"경기도 안산시 단원구 당곡2로 23, 122호 (고잔동, 바상가)",09:00~21:30,09:00~21:30,09:00~21:30,09:00~21:30,09:00~21:30,09:00~20:00,-,-,2020-09-25
나은약국,031-410-7599,경기도 안산시 단원구 고잔2길 9 (고잔동),09:00~19:00,09:00~19:00,09:00~19:00,09:00~19:00,09:00~19:00,09:00~17:00,-,-,2020-09-25
남사랑약국,031-494-7789,"경기도 안산시 단원구 다문화길 15, 1층 (원곡동)",09:00~21:30,09:00~21:30,09:00~21:30,09:00~21:30,09:00~21:30,09:00~21:30,09:00~21:30,-,2020-09-25
노블레스약국,031-402-0033,"경기도 안산시 단원구 예술대학로 17, 416호 (고잔동, 중앙노블레스빌딩)",09:00~19:30,09:00~19:30,09:00~19:30,09:00~19:30,09:00~19:30,09:00~16:00,-,-,2020-09-25
늘푸른약국,031-405-4855,경기도 안산시 단원구 와동로 52 (와동),09:00~21:00,09:00~21:00,09:00~21:00,09:00~21:00,09:00~21:00,09:00~19:00,-,-,2020-09-25
다솜약국,031-486-8187,"경기도 안산시 단원구 선부광장1로 56, 406호 (선부동, 일성이즈마트)",09:00~19:00,09:00~19:00,09:00~19:00,09:00~19:00,09:00~19:00,09:00~14:00,-,-,2020-09-25
대건약국,031-414-4151,"경기도 안산시 단원구 초지로 94, 106호 (초지동, 한솔프라자)",09:00~21:00,09:00~21:00,09:00~21:00,09:00~21:00,09:00~21:00,09:00~21:30,09:00~21:00,09:00~21:00,2020-09-25
대명약국,031-487-9984,"경기도 안산시 단원구 선부광장1로 182, 104호 (선부동, 송천빌딩)",09:00~18:30,09:00~18:30,09:00~18:30,09:00~18:30,09:00~18:30,09:00~14:00,-,-,2020-09-25
도원약국,031-494-2889,경기도 안산시 단원구 원곡로 41 (원곡동),09:30~22:00,09:30~22:00,09:30~22:00,09:30~22:00,09:30~22:00,09:30~22:00,09:30~22:00,-,2020-09-25
동원메디칼약국,031-480-5843,"경기도 안산시 단원구 선부광장1로 62, 309호 (선부동, 동원상가빌딩)",09:00~19:00,09:00~19:00,09:00~19:00,09:00~19:00,09:00~19:00,09:00~13:00,-,-,2020-09-25
봄약국,031-493-4590,"경기도 안산시 단원구 신길로 8, 107호 (신길동)",09:00~21:00,09:00~21:00,09:00~21:00,09:00~21:00,09:00~21:00,09:00~14:00,-,-,2020-09-25
새그린약국,031-485-2315,"경기도 안산시 단원구 원포공원1로 49, 309호 (초지동)",08:30~21:00,08:30~21:00,08:30~21:00,08:30~21:00,08:30~21:00,08:30~16:00,-,09:00~16:00,2020-09-25
새롬약국,031-484-6659,"경기도 안산시 단원구 선부광장1로 118, 105호 (선부동)",09:00~21:00,09:00~21:00,09:00~21:00,09:00~21:00,09:00~21:00,09:00~19:00,-,-,2020-09-25
스마일약국,031-403-4767,"경기도 안산시 단원구 광덕3로 178, 312호 (고잔동, 화승타운)",09:00~19:30,09:00~19:30,09:00~19:30,09:00~19:30,09:00~19:30,09:00~16:30,-,-,2020-09-25
신세계약국,031-401-3244,"경기도 안산시 단원구 고잔1길 16, 4층 (고잔동)",09:00~19:00,09:00~19:00,09:00~19:00,09:00~19:00,09:00~19:00,09:00~16:00,-,-,2020-09-25
신태평양약국,031-411-8987,경기도 안산시 단원구 원초로 24 (원곡동),09:00~22:00,09:00~22:00,09:00~22:00,09:00~22:00,09:00~22:00,09:00~22:00,09:00~22:00,09:00~22:00,2020-09-25
안산백제약국,031-504-5353,"경기도 안산시 단원구 원선로 47, 1층 (원곡동)",09:00~20:00,09:00~20:00,09:00~20:00,09:00~20:00,09:00~20:00,09:00~19:00,-,-,2020-09-25
안산우리들약국,031-482-7232,"경기도 안산시 단원구 선부광장1로 72, 훼미리프라자 306호 (선부동)",09:00~18:30,09:00~18:30,09:00~18:30,09:00~18:30,09:00~18:30,09:00~15:00,-,-,2020-09-25
연세수약국,031-509-9077,"경기도 안산시 단원구 고잔2길 59, 신세기빌딩 203호 (고잔동)",09:30~21:00,09:30~21:00,09:30~21:00,09:30~21:00,09:30~21:00,09:30~17:00,-,-,2020-09-25
오박사약국,031-487-0137,"경기도 안산시 단원구 고잔로 76, 113호 (고잔동, 영풍프라자)",09:00~20:00,09:00~20:00,09:00~20:00,09:00~20:00,09:00~20:00,09:00~17:30,-,-,2020-09-25
온누리감초약국,031-403-0305,"경기도 안산시 단원구 화정로 6, 112,113호 (선부동, 삼희프라자)",09:00~22:00,09:00~22:00,09:00~22:00,09:00~22:00,09:00~22:00,09:00~21:00,09:00~21:00,-,2020-09-25
와동그랜드약국,031-403-2086,"경기도 안산시 단원구 화정천동로4길 24, 1층 (와동, 진목공)",09:00~22:00,09:00~22:00,09:00~22:00,09:00~22:00,09:00~22:00,09:00~22:00,-,10:00~20:00,2020-09-25
우리들약국,031-484-0161,"경기도 안산시 단원구 예술대학로 20, 110호 (고잔동, 전원빌딩)",09:30~19:00,09:30~19:00,09:30~19:00,09:30~19:00,09:30~19:00,09:30~15:00,-,-,2020-09-25
우리약국,031-487-2014,"경기도 안산시 단원구 인현중앙길 29 (고잔동, 삼두상가)",09:00~20:30,09:00~20:30,09:00~20:30,09:00~20:30,09:00~20:30,09:00~17:00,-,-,2020-09-25
원곡우리들약국,031-495-2566,"경기도 안산시 단원구 화랑로 39, 1층 (원곡동)",09:00~18:00,09:00~18:00,09:00~18:00,09:00~18:00,09:00~18:00,-,-,-,2020-09-25
원약국,031-492-5245,"경기도 안산시 단원구 동산로 60, 145,146호 (원시동)",09:00~21:00,09:00~21:00,09:00~21:00,09:00~21:00,09:00~21:00,-,-,-,2020-09-25
이웃사랑약국,031-401-1800,"경기도 안산시 단원구 광덕2로 164, 101호 (고잔동, 메디피아)",10:00~18:00,10:00~18:00,10:00~18:00,10:00~18:00,10:00~18:00,09:00~16:00,-,10:00~21:00,2020-09-25
조아약국,031-413-7770,"경기도 안산시 단원구 화랑로 43, 101호 (원곡동)",09:00~18:00,09:00~18:00,09:00~18:00,09:00~18:00,09:00~18:00,-,-,-,2020-09-25
천사약국,031-475-1083,"경기도 안산시 단원구 고잔로 76, 303-1호 (고잔동, 영풍맘모스프라자)",09:00~18:30,09:00~18:30,09:00~18:30,09:00~18:30,09:00~18:30,09:00~14:00,09:00~13:00,09:00~13:00,2020-09-25
큰바위약국,031-401-5030,경기도 안산시 단원구 와동로 110 (와동),09:00~18:00,09:00~18:00,09:00~18:00,09:00~18:00,09:00~18:00,09:00~18:00,-,-,2020-09-25
햇님약국,031-411-1356,"경기도 안산시 단원구 석수로5길 13, 1층 (선부동)",08:30~20:30,08:30~20:30,08:30~20:30,08:30~20:30,08:30~20:30,08:30~21:00,-,-,2020-09-25
햇살약국,031-487-8925,"경기도 안산시 단원구 선부광장1로 56, 307,307-1호 (선부동)",09:00~21:00,09:00~21:00,09:00~21:00,09:00~21:00,09:00~21:00,09:00~17:00,09:00~14:00,-,2020-09-25
안산시민약국,031-475-8822,"경기도 안산시 단원구 원선1로 38 (초지동, 상가동 205호)",07:40~18:00,07:40~18:00,07:40~18:00,07:40~18:00,07:40~18:00,07:40~13:00,-,-,2020-09-25
신세계로약국,031-493-7580,"경기도 안산시 단원구 중앙대로 461, 1층 (원곡동)",09:00~22:00,09:00~22:00,09:00~22:00,09:00~22:00,09:00~22:00,09:00~22:00,09:00~22:00,09:00~22:00,2020-09-25
별약국,031-414-3181,경기도 안산시 단원구 원포공원1로 35,09:30~19:00,09:30~19:00,09:30~19:00,09:30~19:00,09:30~19:00,09:30~15:00,-,09:00~13:00,2020-09-25
튼튼약국,031-486-2466,"경기도 안산시 단원구 선부광장1로 82, 302-2호 (선부동, 서림프라자)",09:00~20:00,09:00~20:00,09:00~20:00,09:00~20:00,09:00~20:00,09:00~15:00,-,-,2020-09-25
새한약국,031-475-9550,"경기도 안산시 단원구 와동로 22, (와동)",09:00~21:00,09:00~21:00,09:00~21:00,09:00~21:00,09:00~21:00,09:00~16:00,-,-,2020-09-25
선진약국,031-8044-5236,경기도 안산시 단원구 보화로 45-1,09:00~19:00,09:00~19:00,09:00~19:00,09:00~19:00,09:00~19:00,09:00~14:00,-,-,2020-09-25
윤약국,031-475-5056,경기도 안산시 단원구 라성로 43,09:00~19:30,09:00~19:30,09:00~19:30,09:00~19:30,09:00~19:30,09:00~14:00,-,-,2020-09-25
수약국,031-403-0705,"경기도 안산시 단원구 초지동로 35, 지하1층 (초지동)",09:00~19:00,09:00~19:00,09:00~19:00,09:00~19:00,09:00~19:00,-,-,-,2020-09-25
이상희한약국,031-403-2989,"경기도 안산시 단원구 화랑로 408, 110호 (고잔동, 블루빌타운)",09:30~19:30,09:30~19:30,09:30~19:30,09:30~19:30,09:30~19:30,09:30~14:00,-,-,2020-09-25
메디칼약국,031-482-0353,"경기도 안산시 단원구 예술대학로 9, 보배프라자 301호 (고잔동)",09:00~19:30,09:00~19:30,09:00~19:30,09:00~19:30,09:00~19:30,09:00~15:30,-,-,2020-09-25
평화약국,031-475-5936,"경기도 안산시 단원구 광덕대로 168, 110호(고잔동,신화타운)",10:00~19:00,10:00~19:00,10:00~19:00,10:00~19:00,10:00~19:00,10:00~15:00,10:00~15:00,-,2020-09-25
참고은약국,031-483-1175,경기도 안산시 단원구 광덕대로 174,09:30~16:00,09:30~20:30,09:30~20:30,09:30~20:30,09:30~20:30,09:30~14:00,-,-,2020-09-25
선부열린약국,031-403-1013,"경기도 안산시 단원구 달미로 84, 101호 (선부동)",08:30~20:30,08:30~20:30,08:30~20:30,08:30~20:30,08:30~20:30,08:30~20:30,-,-,2020-09-25
선부약국,031-411-8578,"경기도 안산시 단원구 달미로 102, (선부동)",09:00~21:00,09:00~21:00,09:00~21:00,09:00~21:00,09:00~21:00,09:00~21:00,-,-,2020-09-25
에버그린약국,031-482-2876,"경기도 안산시 단원구 광덕서로 86, 안산법조타운 114호 (고잔동)",09:30~20:00,09:30~20:00,09:30~20:00,09:30~20:00,09:30~20:00,09:30~16:00,-,09:00~21:00,2020-09-25
해맑은약국,031-486-7358,"경기도 안산시 단원구 광덕3로 168, 208-1호 (고잔동,월드타운)",09:00~19:00,09:00~19:00,09:00~19:00,09:00~19:00,09:00~19:00,09:00~16:00,-,-,2020-09-25
이마트약국,031-492-0615,"경기도 안산시 단원구 중앙대로 397, 1층 (신길동, 이마트트레이더스 신길점)",10:00~23:00,10:00~23:00,10:00~23:00,10:00~23:00,10:00~23:00,10:00~23:00,10:00~23:00,-,2020-09-25
단비약국,031-483-8275,"경기도 안산시 단원구 광덕4로 234, 121호 (고잔동, 천혜로데오프라자)",09:00~21:00,09:00~21:00,09:00~21:00,09:00~21:00,09:00~21:00,09:00~16:00,-,-,2020-09-25
선부정약국,031-475-2852,"경기도 안산시 단원구 화정천서로 505, 1층 (선부동)",09:00~19:00,09:00~19:00,09:00~19:00,09:00~19:00,09:00~19:00,07:30~20:00,09:00~20:00,09:00~18:00,2020-09-25
시장약국,031-486-7033,경기도 안산시 단원구 원초로 30,09:00~22:30,09:00~22:30,09:00~22:30,09:00~22:30,09:00~22:30,09:00~22:30,12:00~22:30,09:00~22:00,2020-09-25
중앙약국,031-411-3651,경기도 안산시 단원구 예술대학로 9,09:00~22:00,09:00~22:00,09:00~22:00,09:00~22:00,09:00~22:00,09:00~22:00,09:00~22:00,09:00~22:00,2020-09-25
한솔약국,031-8040-5800,경기도 안산시 단원구 원포공원1로 20,09:00~19:30,09:00~19:30,09:00~19:30,09:00~19:30,09:00~19:30,09:00~14:00,-,-,2020-09-25
허브약국,031-493-8777,"경기도 안산시 단원구 풍전로 37-9, 트리플렉스 에이단지 301동 138호 (원곡동)",08:00~20:00,08:00~20:00,08:00~20:00,08:00~20:00,08:00~20:00,09:00~17:00,-,09:00~17:00,2020-09-25
구민사약국,031-403-2913,"경기도 안산시 단원구 화정천서로3길 7, (선부동)",09:00~23:00,09:00~23:00,09:00~23:00,09:00~23:00,09:00~23:00,09:00~23:00,16:00~23:00,15:00~24:30,2020-09-25
단원상생약국,031-402-8259,"경기도 안산시 단원구 원포공원1로 19, 114, 115호 (초지동, 뉴스파월드타워)",09:00~21:00,09:00~21:00,09:00~21:00,09:00~21:00,09:00~21:00,09:00~21:00,09:00~21:00,09:00~21:00,2020-09-25
원곡햇살약국,031-410-7839,"경기도 안산시 단원구 원초로 30, 308호 (원곡동, 보성프라자)",09:00~19:00,09:00~19:00,09:00~19:00,09:00~19:00,09:00~19:00,09:00~16:00,09:00~13:00,-,2020-09-25
대학약국,031-401-8707,경기도 안산시 단원구 적금로 120,09:00~19:00,09:00~19:00,09:00~19:00,09:00~19:00,09:00~19:00,09:00~13:00,-,-,2020-09-25
선온누리약국,031-411-7533,경기도 안산시 단원구 광덕대로 174 (고잔동),09:00~19:00,09:00~19:00,09:00~19:00,09:00~19:00,09:00~19:00,09:00~16:00,-,-,2020-09-25
에이스약국,031-405-7460,경기도 안산시 단원구 고잔로 54,08:00~17:00,08:00~19:00,08:00~19:00,08:00~19:00,08:00~19:00,08:00~17:00,-,-,2020-09-25
오층약국,031-483-3245,경기도 안산시 단원구 중앙대로 915,09:00~18:30,09:00~18:30,09:00~18:30,09:00~18:30,09:00~18:30,09:00~13:00,-,-,2020-09-25
원곡메디칼약국,031-508-5400,경기도 안산시 단원구 원곡로 53-1,09:00~22:00,09:00~22:00,09:00~22:00,09:00~22:00,09:00~22:00,09:00~22:00,09:00~22:00,-,2020-09-25
유명약국,031-505-3718,경기도 안산시 단원구 선부로 243,08:30~21:30,08:30~21:30,08:30~21:30,08:30~21:30,08:30~21:30,08:30~16:30,-,09:00~18:00,2020-09-25
진주약국,031-439-1712,경기도 안산시 단원구 와동공원로 171,09:00~22:00,09:00~22:00,09:00~22:00,09:00~22:00,09:00~22:00,09:00~22:00,-,-,2020-09-25
튼튼약국,031-410-8239,"경기도 안산시 단원구 보배4길 1, (고잔동)",09:00~19:00,09:00~19:00,09:00~19:00,09:00~19:00,09:00~19:00,09:00~14:00,-,-,2020-09-25
건강약국,031-403-3663,"경기도 안산시 단원구 석수로5길 8, 1층 (선부동)",09:00~19:00,09:00~19:00,09:00~19:00,09:00~19:00,09:00~19:00,-,-,-,2020-09-25
준약국,031-405-2086,경기도 안산시 단원구 예술대학로 17 (고잔동),09:00~18:00,09:00~18:00,09:00~18:00,09:00~18:00,09:00~18:00,-,-,-,2020-09-25
팜프라자약국,070-881-5344,경기도 안산시 단원구 선부광장북로 67 (선부동) 수정한양아파트,10:00~19:00,10:00~19:00,10:00~19:00,10:00~19:00,10:00~19:00,-,-,-,2020-09-25
신길제일약국,031-495-0206,"경기도 안산시 단원구 도일로 60-15, 104호 (신길동, 센타프라자)",08:30~20:00,08:30~20:00,08:30~20:00,08:30~20:00,08:30~20:00,-,-,-,2020-09-25
동의당약국,031-486-1146,"경기도 안산시 단원구 와동공원로 145, 1층 (와동)",09:00~22:00,09:00~22:00,09:00~22:00,09:00~22:00,09:00~22:00,09:00~22:00,-,09:00~21:00,2020-09-25
푸르지오약국,031-487-1218,"경기도 안산시 단원구 광덕4로 180, 122호 (고잔동,부원프라자)",09:30~20:00,09:30~20:00,09:30~20:00,09:30~20:00,09:30~20:00,10:00~20:00,-,-,2020-09-25
대영약국,031-405-7574,"경기도 안산시 단원구 초지동로 7, 103호 (초지동,한남스포랜드)",10:00~18:00,10:00~18:00,10:00~18:00,10:00~18:00,10:00~18:00,09:00~17:00,09:00~17:00,-,2020-09-25
웰빙약국,031-493-1594,"경기도 안산시 단원구 중앙대로 457, 1층 (원곡동)",09:00~22:00,09:00~22:00,09:00~22:00,09:00~22:00,09:00~22:00,09:00~22:00,12:00~22:00,-,2020-09-25
대부약국,032-886-2087,경기도 안산시 단원구 대부중앙로 103 (대부북동),08:30~17:00,08:30~17:00,08:30~17:00,08:30~17:00,08:30~17:00,08:00~19:00,-,-,2020-09-25
수정약국,031-411-0185,"경기도 안산시 단원구 원초로 30, 보성프라자 4층 408호 (원곡동)",09:00~14:00,09:00~14:00,09:00~14:00,09:00~14:00,09:00~14:00,09:00~14:00,-,-,2020-09-25
행복한온누리약국,031-485-1995,"경기도 안산시 단원구 광덕동로 55, 1층 108,109호 (고잔동, 21세기프라자)",09:00~12:00,09:00~12:00,09:00~12:00,09:00~12:00,09:00~12:00,08:30~17:30,09:30~12:00,-,2020-09-25
제일약국,031-484-4004,"경기도 안산시 단원구 라성로 36 (원곡동, 반월종합상가 B동)",09:00~13:00,09:00~13:00,09:00~13:00,09:00~13:00,09:00~13:00,09:00~13:00,-,-,2020-09-25
안산2층약국,070-4240-8094,"경기도 안산시 단원구 산단로 278, A동 211-1호 (원시동, 반월하이테크빌리지)",08:30~17:30,08:30~17:30,08:30~17:30,08:30~17:30,08:30~17:30,08:30~13:00,-,-,2020-09-25
대성약국,031-494-2057,"경기도 안산시 단원구 화랑로 30, (원곡동)",09:00~13:00,09:00~13:00,09:00~13:00,09:00~13:00,09:00~13:00,09:00~17:00,09:00~17:00,-,2020-09-25
하나약국,031-501-0448,경기도 안산시 상록구 해양1로 15,09:00~22:00,09:00~22:00,09:00~22:00,09:00~22:00,09:00~22:00,09:00~21:00,-,-,2020-09-25
늘봄약국,031-407-4346,"경기도 안산시 상록구 도매시장로 32 (이동, 2층 일부)",09:00~19:00,09:00~19:00,09:00~19:00,09:00~19:00,09:00~19:00,09:00~14:00,-,-,2020-09-25
자이약국,031-407-4324,"경기도 안산시 상록구 해양4로 31, P동 141호 (사동, 그랑시티자이)",10:00~22:00,10:00~22:00,10:00~22:00,10:00~22:00,10:00~22:00,10:00~22:00,10:00~22:00,10:00~22:00,2020-09-25
메디칼종합온누리약국,031-502-6155,"경기도 안산시 상록구 구룡로 88, 1층 (일동)",09:00~18:30,09:00~18:30,09:00~18:30,09:00~18:30,09:00~18:30,09:00~13:00,-,-,2020-09-25
상록바른약국,031-504-0301,"경기도 안산시 상록구 광덕1로 354, 브라이튼빌오피스텔 1층 105호 (이동)",09:00~22:00,09:00~22:00,09:00~22:00,09:00~22:00,09:00~22:00,09:00~22:00,09:00~22:00,09:00~22:00,2020-09-25
자연온누리약국,031-401-0267,"경기도 안산시 상록구 예술광장1로 124, 1층 108호 (성포동, 선경프라자)",09:00~19:00,09:00~19:00,09:00~19:00,09:00~19:00,09:00~19:00,09:00~15:00,-,-,2020-09-25
서연약국,031-417-6532,경기도 안산시 상록구 본오로 124 (본오동),10:00~18:00,10:00~18:00,10:00~18:00,10:00~18:00,10:00~18:00,-,-,-,2020-09-25
상록수약국,070-8872-1010,"경기도 안산시 상록구 용신로 388, 유니온프라자 1층 101호 (본오동)",09:00~18:00,09:00~18:00,09:00~18:00,09:00~18:00,09:00~18:00,-,-,-,2020-09-25
곰온누리약국,031-406-4071,"경기도 안산시 상록구 샘골로 190, 국제프라자 105-2호 (본오동)",09:00~18:00,09:00~18:00,09:00~18:00,09:00~18:00,09:00~18:00,-,-,-,2020-09-25
국희약국,031-407-3543,경기도 안산시 상록구 석호로 164 (사동),09:00~21:00,09:00~21:00,09:00~21:00,09:00~21:00,09:00~21:00,09:00~18:00,09:00~18:00,09:00~18:00,2020-09-25
동남약국,031-419-7575,"경기도 안산시 상록구 샘골로 147, 1층 105호 (본오동)",09:00~21:00,09:00~21:00,09:00~21:00,09:00~21:00,09:00~21:00,09:00~20:00,-,09:00~20:00,2020-09-25
수약국,031-482-2483,"경기도 안산시 상록구 예술광장로 31, 파크프라자 106호 (월피동)",09:00~19:30,09:00~19:30,09:00~19:30,09:00~19:30,09:00~19:30,09:00~15:30,-,-,2020-09-25
한일약국,031-401-5502,"경기도 안산시 상록구 월피로 31, 한양아파트 상가1동 101호 (월피동)",10:00~21:00,10:00~21:00,10:00~21:00,10:00~21:00,10:00~21:00,09:00~22:00,-,-,2020-09-25
백화점약국,031-407-6077,"경기도 안산시 상록구 석호로 292, 1층 (본오동)",09:00~23:00,09:00~23:00,09:00~23:00,09:00~23:00,09:00~23:00,08:00~23:00,09:00~22:00,09:00~21:00,2020-09-25
반월화성약국,031-502-0165,"경기도 안산시 상록구 건건3길 5, 105호(건건동,쎈타프라자)",08:00~21:00,08:00~21:00,08:00~21:00,08:00~21:00,08:00~21:00,08:00~20:00,09:00~13:00,09:00~13:00,2020-09-25
민약국,031-406-1150,"경기도 안산시 상록구 샘골로 142, 103(일부)호 (본오동, 동보프라자)",09:00~20:00,09:00~20:00,09:00~20:00,09:00~20:00,09:00~20:00,09:00~17:00,-,-,2020-09-25
모닝약국,031-409-1010,경기도 안산시 상록구 본삼로 49,09:00~22:00,09:00~22:00,09:00~22:00,09:00~22:00,09:00~22:00,09:00~17:00,-,09:00~17:00,2020-09-25
메디팜한대약국,031-438-4181,"경기도 안산시 상록구 광덕1로 376, (이동)",08:00~22:30,08:00~22:30,08:00~22:30,08:00~22:30,08:00~22:30,08:00~22:30,08:00~22:30,08:00~22:30,2020-09-25
메디팜요진약국,031-418-5351,경기도 안산시 상록구 감골1로 37,09:00~21:30,09:00~21:30,09:00~21:30,09:00~21:30,09:00~21:30,09:00~21:00,09:00~21:00,-,2020-09-25
메디팜건강약국,031-501-3007,경기도 안산시 상록구 용신로 393 (본오동),09:00~19:00,09:00~19:00,09:00~19:00,09:00~19:00,09:00~19:00,09:00~16:00,-,-,2020-09-25
사람사랑약국,031-408-0894,"경기도 안산시 상록구 반석로 20, 2층 (본오동, 롯데마트상록점)",10:00~22:00,10:00~22:00,10:00~22:00,10:00~22:00,10:00~22:00,10:00~22:00,10:00~22:00,-,2020-09-25
온누리다인약국,031-409-7076,경기도 안산시 상록구 반석로 79,09:00~20:30,09:00~20:30,09:00~20:30,09:00~20:30,09:00~20:30,09:00~18:00,-,-,2020-09-25
부곡라성약국,031-8044-8180,경기도 안산시 상록구 부곡로 130 (부곡동),08:30~19:00,08:30~19:00,08:30~19:00,08:30~19:00,08:30~19:00,08:30~15:30,-,-,2020-09-25
중앙메디칼약국,031-415-9498,경기도 안산시 상록구 구룡로 85-1 (일동),08:30~19:00,08:30~19:00,08:30~19:00,08:30~19:00,08:30~19:00,08:30~12:30,-,-,2020-09-25
상록레몬약국,031-416-3311,"경기도 안산시 상록구 광덕1로 362, 한양프라자 1층 111호 (이동)",08:30~18:30,08:30~18:30,08:30~13:00,08:30~18:30,08:30~18:30,08:30~13:00,-,-,2020-09-25
봄온누리약국,031-438-6282,경기도 안산시 상록구 건건로 122 204호,09:00~19:00,09:00~19:00,09:00~19:00,09:00~19:00,09:00~19:00,09:00~14:00,-,-,2020-09-25
올리브약국,031-501-0608,"경기도 안산시 상록구 상록수로 34, 1층(본오동,상록수아카데미타워(롯데슈퍼내))",09:00~20:00,09:00~20:00,09:00~20:00,09:00~20:00,09:00~20:00,09:00~16:00,-,09:00~13:00,2020-09-25
본오약국,031-501-7555,경기도 안산시 상록구 선암로 43 (본오동),09:00~21:00,09:00~21:00,09:00~21:00,09:00~21:00,09:00~21:00,09:00~21:00,-,-,2020-09-25
녹십자약국,031-437-8080,경기도 안산시 상록구 건건1길 38,09:00~21:00,09:00~21:00,09:00~21:00,09:00~21:00,09:00~21:00,09:00~21:00,-,-,2020-09-25
이층종로약국,070-8865-4985,경기도 안산시 상록구 샘골로 140,08:30~18:00,08:30~18:00,08:30~18:00,08:30~18:00,08:30~18:00,08:30~16:00,-,-,2020-09-25
보세온누리약국,031-415-7755,경기도 안산시 상록구 광덕1로 355 (이동),09:00~21:00,09:00~21:00,09:00~21:00,09:00~21:00,09:00~21:00,09:00~18:00,-,-,2020-09-25
샛별약국,031-485-7383,"경기도 안산시 상록구 화랑로 513, 1층 16-1, 16-2호 (성포동, 스타프라자)",09:00~20:00,09:00~20:00,09:00~20:00,09:00~20:00,09:00~20:00,09:00~20:00,-,-,2020-09-25
경희참한약국,031-415-0012,경기도 안산시 상록구 석호로 197 (사동),11:00~21:00,11:00~21:00,11:00~21:00,11:00~21:00,11:00~21:00,-,-,-,2020-09-25
남경약국,031-437-7722,"경기도 안산시 상록구 도매시장로 105-1, (일동)",09:00~20:30,09:00~20:30,09:00~20:30,09:00~20:30,09:00~20:30,09:00~15:00,-,-,2020-09-25
혜성온누리약국,031-408-8030,경기도 안산시 상록구 일동로 24,09:00~20:00,09:00~20:00,09:00~20:00,09:00~20:00,09:00~20:00,09:00~13:00,-,-,2020-09-25
수암약국,031-484-5875,경기도 안산시 상록구 수인로 2016,09:00~19:00,09:00~19:00,09:00~19:00,09:00~19:00,09:00~19:00,10:00~18:00,-,10:00~18:00,2020-09-25
송온누리약국,031-417-2747,경기도 안산시 상록구 각골로 70 (본오동),09:00~19:00,09:00~19:00,09:00~19:00,09:00~19:00,09:00~19:00,09:00~15:00,-,-,2020-09-25
해바라기약국,031-415-0470,"경기도 안산시 상록구 샘골로 124, 101호 (본오동,동보프라자)",09:00~20:00,09:00~20:00,09:00~20:00,09:00~20:00,09:00~20:00,09:00~16:00,09:00~14:00,09:00~13:00,2020-09-25
신정문약국,031-406-7123,경기도 안산시 상록구 도매시장로 4,09:00~18:30,09:00~18:30,09:00~18:30,09:00~18:30,09:00~18:30,09:00~13:30,-,-,2020-09-25
정약국,031-480-2852,"경기도 안산시 상록구 화랑로 514, 주공4단지아파트 1층 103, 104호 (성포동)",09:00~19:00,09:00~19:00,09:00~19:00,09:00~19:00,09:00~19:00,09:00~13:00,-,-,2020-09-25
정민약국,031-417-8160,경기도 안산시 상록구 부곡로 128 (부곡동),08:20~21:00,08:20~21:00,08:20~21:00,08:20~21:00,08:20~21:00,08:20~19:00,10:00~19:00,10:00~19:00,2020-09-25
수암마트약국,031-485-5775,경기도 안산시 상록구 수암1길 7,09:00~21:00,09:00~21:00,09:00~21:00,09:00~21:00,09:00~21:00,09:00~21:00,-,-,2020-09-25
신화약국,070-4193-0001,"경기도 안산시 상록구 샘골로 38, 1층 101-102호 (본오동)",09:00~20:00,09:00~20:00,09:00~20:00,09:00~20:00,09:00~20:00,09:00~16:00,-,-,2020-09-25
사랑의약국,031-419-0071,"경기도 안산시 상록구 안산대학로 108, 웰빙타워 1층 (일동)",09:00~22:00,09:00~22:00,09:00~22:00,09:00~22:00,09:00~22:00,09:00~22:00,-,09:00~22:00,2020-09-25
그린마트약국,031-405-0311,경기도 안산시 상록구 충장로 427 (성포동),10:00~22:00,10:00~22:00,10:00~22:00,10:00~22:00,10:00~22:00,10:00~22:00,10:00~22:00,10:00~22:00,2020-09-25
영동약국,031-418-3112,경기도 안산시 상록구 용신로 382 (본오동),09:00~25:00,09:00~25:00,09:00~25:00,09:00~25:00,09:00~25:00,08:30~25:00,09:00~25:00,09:00~23:00,2020-09-25
본약국,031-419-6780,경기도 안산시 상록구 석호로 320 (본오동),09:30~20:00,09:30~20:00,09:30~20:00,09:30~20:00,09:30~20:00,-,-,09:00~21:00,2020-09-25
위성숙모어모아새한양약국,031-407-5823,경기도 안산시 상록구 본삼로 38 (본오동),09:00~23:00,09:00~23:00,09:00~23:00,09:00~23:00,09:00~23:00,09:00~23:00,09:00~23:00,09:00~23:00,2020-09-25
옵티마동아약국,031-407-8853,"경기도 안산시 상록구 본오로 46-1, 1층 (본오동)",09:00~21:30,09:00~21:30,09:00~21:30,09:00~21:30,09:00~21:30,09:00~20:00,-,-,2020-09-25
365편한약국,031-407-1025,"경기도 안산시 상록구 샘골로 150, 동성빌딩 205호 (본오동)",08:30~19:00,08:30~19:00,08:30~19:00,08:30~19:00,08:30~19:00,08:30~15:00,09:00~13:00,09:00~13:00,2020-09-25
연두약국,031-502-3400,"경기도 안산시 상록구 광덕산2로 34, 1층 (월피동)",08:00~20:00,08:00~20:00,08:00~20:00,08:00~20:00,08:00~20:00,08:00~13:00,-,-,2020-09-25
인영약국,031-417-3005,"경기도 안산시 상록구 석호로 312, 101호(본오동,대신빌딩)",09:00~18:00,09:00~18:00,09:00~18:00,09:00~18:00,09:00~18:00,-,-,-,2020-09-25
편한약국,031-417-6630,경기도 안산시 상록구 샘골로 140 (본오동),09:00~19:00,09:00~19:00,09:00~19:00,09:00~19:00,09:00~19:00,09:00~16:00,-,-,2020-09-25
신안프라자약국,031-408-3206,경기도 안산시 상록구 반석로 54,-,-,09:30~20:30,09:30~20:30,09:30~20:30,09:30~20:30,10:00~12:00,-,2020-09-25
새이화약국,031-502-7991,경기도 안산시 상록구 건건로 117,09:00~21:00,09:00~21:00,09:00~21:00,09:00~21:00,09:00~21:00,09:00~18:00,-,-,2020-09-25
성포라성약국,031-480-1057,경기도 안산시 상록구 화랑로 501 (성포동),09:00~21:00,09:00~21:00,09:00~21:00,09:00~21:00,09:00~21:00,09:00~18:00,09:00~13:30,09:00~18:00,2020-09-25
경동메디칼약국,031-487-1688,경기도 안산시 상록구 예술광장1로 126,09:30~18:30,09:30~18:30,09:30~18:30,09:30~18:30,09:30~18:30,09:30~15:00,-,-,2020-09-25
새천년건강약국,031-419-5516,"경기도 안산시 상록구 도매시장로 41 (이동, 장현빌딩)",09:00~19:00,09:00~19:00,09:00~19:00,09:00~19:00,09:00~19:00,09:00~19:00,-,-,2020-09-25
초당약국,031-419-3773,"경기도 안산시 상록구 초당로 54, 1층 (사동)",09:00~21:00,09:00~21:00,09:00~21:00,09:00~21:00,09:00~21:00,09:00~21:00,-,-,2020-09-25
안산우리약국,031-405-1258,"경기도 안산시 상록구 예술광장1로 16, 406호(월피동,칠성프라자)",09:00~19:00,09:00~19:00,09:00~19:00,09:00~19:00,09:00~19:00,09:00~16:00,-,-,2020-09-25
장미약국,031-418-5486,경기도 안산시 상록구 중보로 47,08:30~21:00,08:30~21:00,08:30~21:00,08:30~21:00,08:30~21:00,08:30~18:00,-,-,2020-09-25
한샘약국,031-409-5529,"경기도 안산시 상록구 본오로 64, (본오동)",09:00~18:00,09:00~18:00,09:00~18:00,09:00~18:00,09:00~18:00,-,-,-,2020-09-25
안산프라자약국,031-480-9379,"경기도 안산시 상록구 예술광장1로 124, 114호(성포동,경동프라자)",09:00~19:00,09:00~19:00,09:00~19:00,09:00~19:00,09:00~19:00,09:00~13:00,-,-,2020-09-25
초원약국,031-401-3321,"경기도 안산시 상록구 예술광장1로 52, 114호 (월피동,뉴월드프라자)",09:00~20:00,09:00~20:00,09:00~20:00,09:00~20:00,09:00~20:00,09:00~13:00,-,-,2020-09-25
정다운온누리약국,031-415-8275,"경기도 안산시 상록구 도매시장로 41, 1층 (이동,장현빌딩)",09:00~21:00,09:00~21:00,09:00~21:00,09:00~21:00,09:00~21:00,09:00~16:00,-,-,2020-09-25
송온누리약국,070-4250-5993,경기도 안산시 상록구 각골로 70,09:00~20:00,09:00~20:00,09:00~20:00,09:00~20:00,09:00~20:00,09:00~18:00,-,-,2020-09-25
성포대한약국,031-481-8975,"경기도 안산시 상록구 예술광장1로 124, 선경프라자 1층 105,106호 (성포동)",09:00~21:00,09:00~21:00,09:00~21:00,09:00~21:00,09:00~21:00,09:00~17:00,09:00~17:00,09:00~13:00,2020-09-25
상록메디칼약국,031-407-8270,경기도 안산시 상록구 석호로 288,08:30~19:30,08:30~19:30,08:30~19:30,08:30~19:30,08:30~19:30,08:30~16:00,-,-,2020-09-25
다정약국,031-408-4696,경기도 안산시 상록구 샘골로 172 (본오동),09:00~20:00,09:00~20:00,09:00~20:00,09:00~20:00,09:00~20:00,09:00~16:00,-,-,2020-09-25
일동중앙약국,031-419-3900,경기도 안산시 상록구 구룡로 15,09:00~21:00,09:00~21:00,09:00~21:00,09:00~21:00,09:00~21:00,09:00~20:00,-,-,2020-09-25
한대프라자약국,031-409-7533,"경기도 안산시 상록구 광덕1로 341, 제스트3 1층 111~113호 (이동)",09:00~22:00,09:00~22:00,09:00~22:00,09:00~22:00,09:00~22:00,-,08:00~22:00,-,2020-09-25
일등온누리약국,031-406-4312,"경기도 안산시 상록구 석호로 162, 1층 (사동)",09:00~22:00,09:00~22:00,09:00~22:00,09:00~22:00,09:00~22:00,09:00~21:30,09:00~21:30,-,2020-09-25
정성약국,031-416-6272,경기도 안산시 상록구 부곡로 28 (부곡동),09:00~20:30,09:00~20:30,09:00~20:30,09:00~20:30,09:00~20:30,09:00~17:30,-,-,2020-09-25
에덴동산약국,031-501-7176,경기도 안산시 상록구 항가울로 229,10:00~22:00,10:00~22:00,10:00~22:00,10:00~22:00,10:00~22:00,-,-,-,2020-09-25
보룡약국,031-409-4626,"경기도 안산시 상록구 평안로1길 14 (사동, 삼성빌딩)",09:00~22:00,09:00~22:00,09:00~22:00,09:00~22:00,09:00~22:00,09:00~21:00,-,-,2020-09-25
삼성홈플러스중앙약국,031-401-1967,경기도 안산시 상록구 충장로 432,09:00~23:00,09:00~23:00,09:00~23:00,09:00~23:00,09:00~23:00,09:00~24:00,09:00~23:00,10:00~22:30,2020-09-25
우리약국,031-415-7884,"경기도 안산시 상록구 선진로 112, 105호(사동,본오2차아파트상가)",09:00~22:00,09:00~22:00,09:00~22:00,09:00~22:00,09:00~22:00,09:00~22:00,09:00~22:00,09:00~22:00,2020-09-25
동산온누리약국,031-419-1603,경기도 안산시 상록구 선암로 39 1층 (본오동) (본오동),09:00~22:00,09:00~22:00,09:00~22:00,09:00~22:00,09:00~22:00,09:00~22:00,09:00~22:00,-,2020-09-25
은아약국,031-419-3112,경기도 안산시 상록구 상록수로 16,09:00~22:00,09:00~22:00,09:00~22:00,09:00~22:00,09:00~22:00,09:00~22:00,10:00~20:00,-,2020-09-25
상록백제약국,031-409-7300,"경기도 안산시 상록구 본삼로 51, 107,108,109호 (본오동, 리치스빌딩)",09:30~20:00,09:30~20:00,09:30~20:00,09:30~20:00,09:30~20:00,09:00~22:00,09:00~21:00,09:00~21:00,2020-09-25
동아온누리약국,031-417-3134,"경기도 안산시 상록구 상록수로 54 113호,114호 (본오동)",09:00~21:00,09:00~21:00,09:00~21:00,09:00~21:00,09:00~21:00,09:00~19:00,09:00~19:00,09:00~02:30,2020-09-25
푸른약국,031-484-5320,"경기도 안산시 상록구 광덕1로 376, 301호(이동,한대프라자)",09:00~19:30,09:00~19:30,09:00~19:30,09:00~19:30,09:00~19:30,09:00~14:00,-,-,2020-09-25
다온약국,031-411-8276,"경기도 안산시 상록구 월피로 92 , 1층 (월피동)",08:30~18:00,08:30~18:00,08:30~18:00,08:30~18:00,08:30~18:00,-,-,-,2020-09-25
부강약국,031-501-7575,경기도 안산시 상록구 본오로 55 (본오동),09:00~18:00,09:00~18:00,09:00~18:00,09:00~18:00,09:00~18:00,-,-,-,2020-09-25
지리산약국,031-409-5596,"경기도 안산시 상록구 부곡로 127, 1층 (부곡동)",08:30~20:30,08:30~20:30,08:30~20:30,08:30~20:30,08:30~20:30,08:30~16:00,-,-,2020-09-25
나을약국,031-407-8707,경기도 안산시 상록구 성호로7길 18,10:00~22:30,10:00~22:30,10:00~22:30,10:00~22:30,10:00~22:30,10:00~22:30,10:00~22:30,-,2020-09-25
다농약국,031-403-7120,경기도 안산시 상록구 예술광장로 1,10:30~18:00,10:30~18:00,10:30~18:00,10:30~18:00,10:30~18:00,10:30~20:00,10:30~20:00,-,2020-09-25
시장약국,031-408-8011,경기도 안산시 상록구 충장로 312,07:00~18:30,07:00~18:30,07:00~18:30,07:00~18:30,07:00~18:30,07:00~17:30,-,-,2020-09-25
월드온누리약국,031-408-6015,경기도 안산시 상록구 감골1로 29 (사동),09:00~20:00,09:00~20:00,09:00~20:00,09:00~20:00,09:00~20:00,09:00~18:00,-,-,2020-09-25
조은약국,031-411-9570,경기도 안산시 상록구 항가울로 14-1 (사동),09:00~18:00,09:00~18:00,09:00~18:00,09:00~18:00,09:00~18:00,09:00~14:00,-,-,2020-09-25
종로약국,031-402-9349,경기도 안산시 상록구 월피로1길 1-1,08:30~21:00,08:30~21:00,08:30~21:00,08:30~21:00,08:30~21:00,08:30~20:00,08:30~20:00,-,2020-09-25
하늘약국,031-502-1090,경기도 안산시 상록구 건건1길 27,08:30~20:00,08:30~20:00,08:30~20:00,08:30~20:00,08:30~20:00,08:30~16:00,-,-,2020-09-25
한사랑약국,031-319-8799,경기도 안산시 상록구 샘골로 113,09:00~20:00,09:00~20:00,09:00~20:00,09:00~20:00,09:00~20:00,09:00~17:00,-,-,2020-09-25
열린약국,031-415-5353,"경기도 안산시 상록구 석호로 216, 1층 (사동)",09:00~21:00,09:00~21:00,09:00~21:00,09:00~21:00,09:00~21:00,09:00~15:00,-,-,2020-09-25
조은온누리약국,031-413-8910,"경기도 안산시 상록구 예술광장로 35 (월피동, 에스엘타운)",09:00~20:00,09:00~21:00,09:00~20:00,09:00~21:00,09:00~20:00,09:00~13:00,-,-,2020-09-25
햇빛온누리약국,031-409-0075,"경기도 안산시 상록구 도매시장로 100, 1층 (일동)",08:30~20:00,08:30~20:00,08:30~20:00,08:30~20:00,08:30~20:00,08:30~17:00,-,-,2020-09-25
중앙프라자약국,031-406-7676,경기도 안산시 상록구 구룡로 85 (일동),08:30~19:00,08:30~19:00,08:30~19:00,08:30~19:00,08:30~19:00,08:30~13:00,-,-,2020-09-25
사랑약국,031-419-7695,경기도 안산시 상록구 고목로3길 25 (본오동),09:00~20:00,09:00~20:00,09:00~20:00,09:00~20:00,09:00~20:00,09:00~16:00,-,09:00~13:00,2020-09-25
상록온누리약국,031-416-7257,경기도 안산시 상록구 용신로 394 (본오동) 505호,08:30~19:30,08:30~19:30,08:30~19:30,08:30~19:30,08:30~19:30,08:30~16:00,09:00~13:00,-,2020-09-25
샘물약국,031-487-0265,"경기도 안산시 상록구 예술광장1로 124, 1층(성포동,경동프라자)",09:00~18:00,09:00~18:00,09:00~18:00,09:00~18:00,09:00~18:00,08:30~19:00,-,09:00~16:00,2020-09-25
로진메디칼약국,031-437-9521,"경기도 안산시 상록구 광덕1로 366, (이동)",09:00~22:00,09:00~22:00,09:00~22:00,09:00~22:00,09:00~22:00,09:00~21:00,09:00~21:00,-,2020-09-25
청솔약국,031-418-6156,"경기도 안산시 상록구 월피로1길 3, 1층 (월피동)",09:00~19:00,09:00~19:00,09:00~19:00,09:00~19:00,09:00~19:00,09:00~14:00,09:00~14:00,-,2020-09-25
부곡늘푸른약국,031-411-6325,"경기도 안산시 상록구 시낭북로4길 1, 1층(부곡동,도원빌딩)",09:00~21:30,09:00~21:30,09:00~21:30,09:00~21:30,09:00~21:30,09:00~21:00,-,-,2020-09-25
비타민약국,031-409-1569,"경기도 안산시 상록구 반석로 66, (본오동)",09:00~21:00,09:00~21:00,09:00~21:00,09:00~21:00,09:00~21:00,09:00~21:00,-,09:00~21:00,2020-09-25
한대큰사랑약국,031-409-8844,"경기도 안산시 상록구 광덕1로 376, 108,109호(이동,한대프라자)",09:00~22:00,09:00~22:00,09:00~22:00,09:00~22:00,09:00~22:00,09:00~18:00,-,-,2020-09-25
광덕약국,031-482-0365,"경기도 안산시 상록구 광덕산2로 22, 103,111호(월피동,은성빌딩)",09:00~20:30,09:00~20:30,09:00~20:30,09:00~20:30,09:00~20:30,09:00~20:30,-,09:00~21:00,2020-09-25
온누리동화약국,031-409-4383,"경기도 안산시 상록구 영화6길 25, 1층 (사동)",09:00~21:30,09:00~21:30,09:00~21:30,09:00~21:30,09:00~21:30,09:00~21:30,09:00~13:00,-,2020-09-25
감골약국,031-502-3779,경기도 안산시 상록구 석호로 184 (사동),09:00~13:00,09:00~13:00,09:00~13:00,09:00~13:00,09:00~13:00,09:00~13:00,10:00~18:00,-,2020-09-25
사랑해약국,031-415-5530,경기도 안산시 상록구 용신로 393,08:30~10:00,08:30~10:00,08:30~10:00,08:30~10:00,08:30~10:00,09:00~20:00,-,-,2020-09-25
스타프라자약국,031-405-1922,"경기도 안산시 상록구 화랑로 513, 3층 17호 (성포동, 스타프라자)",09:30~15:00,09:30~15:00,09:30~15:00,09:30~15:00,09:30~15:00,09:30~15:00,-,-,2020-09-25
삼성약국,031-417-9517,"경기도 안산시 상록구 부곡로 135, (부곡동)",09:00~17:00,09:00~17:00,09:00~17:00,09:00~17:00,09:00~17:00,09:00~17:00,-,-,2020-09-25
서울약국,031-480-3886,"경기도 안산시 상록구 수인로 2012, (수암동)",10:00~17:00,10:00~17:00,10:00~17:00,10:00~17:00,10:00~17:00,09:00~15:00,-,-,2020-09-25
기린약국,031-406-2740,"경기도 안산시 상록구 샘골로 143, 106호 (본오동,청원빌딩)",09:00~14:30,09:00~14:30,09:00~14:30,09:00~14:30,09:00~14:30,09:00~15:30,-,-,2020-09-25
